{
  "threshold@dev_eer": 0.8743456602096558,
  "apcer": 0.028626479493531518,
  "bpcer": 0.10828025477707007,
  "acer": 0.06845336713530079,
  "eer": 0.0699203690164995,
  "auc": 0.9828553195145,
  "model": "b4_liveness",
  "dev_best_auc": 0.984907006888918,
  "n_test": 7580
}